{
  "step_qonnx_to_finn": 5.793571472167969e-05,
  "step_tidy_up": 0.9332151412963867,
  "step_streamline": 2.227304697036743,
  "step_convert_to_hw": 0.013195037841796875,
  "step_create_dataflow_partition": 0.004477500915527344,
  "step_specialize_layers": 0.004358053207397461,
  "step_target_fps_parallelization": 0.006344318389892578,
  "step_apply_folding_config": 15.274200439453125,
  "step_minimize_bit_width": 0.018659353256225586,
  "step_generate_estimate_reports": 0.014532804489135742,
  "step_hw_codegen": 1.171872854232788,
  "step_hw_ipgen": 372.7134048938751,
  "step_set_fifo_depths": 150.74421191215515,
  "step_create_stitched_ip": 154.8041055202484,
  "step_measure_rtlsim_performance": 16.919800281524658,
  "step_out_of_context_synthesis": 387.48836493492126,
  "step_synthesize_bitfile": 2238.359298467636,
  "step_make_pynq_driver": 0.06543469429016113,
  "step_deployment_package": 0.030946969985961914
}